{"Quality Score": 0.6165875162421334, "Gain Score": 63.82708391592076, "Source Linearity": 74.05183333194617, "Defense Linearity": 119.45691524852406, "Attacked Linearity": 127.83854073033189, "PSNR": 28.386034728000155, "SSIM": 0.8783495426177979, "SRCC": 0.5485614690949506}